{
  "version": 1,
  "author": "Great “I'm Inevitable” Army",
  "editor": "wokwi",
  "parts": [
    { "type": "wokwi-breadboard-mini", "id": "bb1", "top": 27.4, "left": 55.2, "attrs": {} },
    { "type": "wokwi-arduino-uno", "id": "uno", "top": -9, "left": -279, "attrs": {} },
    { "type": "wokwi-ds1307", "id": "rtc1", "top": 426.6, "left": 489.7, "attrs": {} },
    { "type": "wokwi-dht22", "id": "dht1", "top": -162.9, "left": 301.8, "attrs": {} },
    { "type": "wokwi-relay-module", "id": "relay1", "top": -19, "left": 499.2, "attrs": {} },
    {
      "type": "wokwi-lcd1602",
      "id": "lcd1",
      "top": 236.8,
      "left": 437.6,
      "attrs": { "pins": "i2c" }
    }
  ],
  "connections": [
    [ "uno:5V", "bb1:1t.a", "red", [ "v19.1", "h138.2", "v-230.4" ] ],
    [ "lcd1:VCC", "bb1:1t.b", "red", [ "h-19.2", "v0.1", "h-307.2" ] ],
    [ "rtc1:5V", "bb1:1t.c", "red", [ "h-432", "v-173.2" ] ],
    [ "dht1:VCC", "bb1:1t.a", "red", [ "v38.4", "h-144" ] ],
    [ "uno:GND.1", "bb1:17t.a", "black", [ "v-57.6", "h365.1" ] ],
    [ "rtc1:GND", "bb1:17t.b", "black", [ "h-211.2", "v-307.2" ] ],
    [ "relay1:VCC", "bb1:1t.a", "red", [ "h0" ] ],
    [ "dht1:GND", "bb1:17t.c", "black", [ "v0" ] ],
    [ "lcd1:GND", "bb1:17t.d", "black", [ "h-96", "v-144" ] ],
    [ "dht1:SDA", "uno:2", "magenta", [ "h0.1", "v19.2", "h-349.7" ] ],
    [ "relay1:IN", "uno:8", "green", [ "h0" ] ],
    [ "relay1:GND", "bb1:17t.e", "black", [ "h0" ] ],
    [ "lcd1:SDA", "uno:A4", "orange", [ "h0" ] ],
    [ "lcd1:SCL", "uno:A5", "violet", [ "h0" ] ],
    [ "rtc1:SDA", "uno:A4.2", "blue", [ "h-796.8", "v-518.7", "h115.6" ] ],
    [ "rtc1:SCL", "uno:A5.2", "purple", [ "h-806.4", "v-509", "h115.2" ] ]
  ],
  "dependencies": {}
}